--
-- PostgreSQL database dump
--

-- Dumped from database version 11.16 (Debian 11.16-0+deb10u1)
-- Dumped by pg_dump version 14.2

-- Started on 2023-11-29 15:10:56

SET statement_timeout = 0;
SET lock_timeout = 0;
SET idle_in_transaction_session_timeout = 0;
SET client_encoding = 'UTF8';
SET standard_conforming_strings = on;
SELECT pg_catalog.set_config('search_path', '', false);
SET check_function_bodies = false;
SET xmloption = content;
SET client_min_messages = warning;
SET row_security = off;

--DROP DATABASE "2023_BFS_2_G3";
--
-- TOC entry 3019 (class 1262 OID 290893)
-- Name: 2023_BFS_2_G3; Type: DATABASE; Schema: -; Owner: -
--

--CREATE DATABASE "2023_BFS_2_G3" WITH TEMPLATE = template0 ENCODING = 'UTF8' LOCALE = 'en_US.UTF-8';


\connect "2023_BFS_2_G3"

SET statement_timeout = 0;
SET lock_timeout = 0;
SET idle_in_transaction_session_timeout = 0;
SET client_encoding = 'UTF8';
SET standard_conforming_strings = on;
SELECT pg_catalog.set_config('search_path', '', false);
SET check_function_bodies = false;
SET xmloption = content;
SET client_min_messages = warning;
SET row_security = off;

--
-- TOC entry 3 (class 2615 OID 2200)
-- Name: public; Type: SCHEMA; Schema: -; Owner: -
--

--CREATE SCHEMA public;


--
-- TOC entry 3020 (class 0 OID 0)
-- Dependencies: 3
-- Name: SCHEMA public; Type: COMMENT; Schema: -; Owner: -
--

COMMENT ON SCHEMA public IS 'standard public schema';


SET default_tablespace = '';

--
-- TOC entry 214 (class 1259 OID 294645)
-- Name: agreements; Type: TABLE; Schema: public; Owner: -
--

CREATE TABLE public.agreements (
    ag_id integer NOT NULL,
    c_id integer NOT NULL,
    ag_description character varying,
    ag_price numeric,
    ag_accepted boolean
);


--
-- TOC entry 213 (class 1259 OID 294643)
-- Name: agreements_ag_id_seq; Type: SEQUENCE; Schema: public; Owner: -
--

CREATE SEQUENCE public.agreements_ag_id_seq
    AS integer
    START WITH 1
    INCREMENT BY 1
    NO MINVALUE
    NO MAXVALUE
    CACHE 1;


--
-- TOC entry 3021 (class 0 OID 0)
-- Dependencies: 213
-- Name: agreements_ag_id_seq; Type: SEQUENCE OWNED BY; Schema: public; Owner: -
--

ALTER SEQUENCE public.agreements_ag_id_seq OWNED BY public.agreements.ag_id;


--
-- TOC entry 208 (class 1259 OID 291752)
-- Name: announces; Type: TABLE; Schema: public; Owner: -
--

CREATE TABLE public.announces (
    a_id integer NOT NULL,
    user_ character varying NOT NULL,
    s_id integer NOT NULL,
    a_description character varying NOT NULL,
    a_title character varying NOT NULL,
    a_active boolean DEFAULT true NOT NULL,
    a_latitude double precision,
    a_longitude double precision
);


--
-- TOC entry 210 (class 1259 OID 292769)
-- Name: conversations; Type: TABLE; Schema: public; Owner: -
--

CREATE TABLE public.conversations (
    c_id integer NOT NULL,
    a_id integer NOT NULL,
    u_client character varying NOT NULL,
    c_active boolean DEFAULT true NOT NULL,
    c_end_datetime timestamp without time zone
);


--
-- TOC entry 209 (class 1259 OID 292767)
-- Name: conversation_c_id_seq; Type: SEQUENCE; Schema: public; Owner: -
--

ALTER TABLE public.conversations ALTER COLUMN c_id ADD GENERATED BY DEFAULT AS IDENTITY (
    SEQUENCE NAME public.conversation_c_id_seq
    START WITH 1
    INCREMENT BY 1
    NO MINVALUE
    NO MAXVALUE
    CACHE 1
);


--
-- TOC entry 212 (class 1259 OID 292820)
-- Name: messages; Type: TABLE; Schema: public; Owner: -
--

CREATE TABLE public.messages (
    m_id integer NOT NULL,
    u_emitter character varying NOT NULL,
    m_message character varying NOT NULL,
    c_id integer NOT NULL,
    m_datetime timestamp without time zone DEFAULT now() NOT NULL
);


--
-- TOC entry 211 (class 1259 OID 292818)
-- Name: messages_m_id_seq; Type: SEQUENCE; Schema: public; Owner: -
--

ALTER TABLE public.messages ALTER COLUMN m_id ADD GENERATED BY DEFAULT AS IDENTITY (
    SEQUENCE NAME public.messages_m_id_seq
    START WITH 1
    INCREMENT BY 1
    NO MINVALUE
    NO MAXVALUE
    CACHE 1
);


--
-- TOC entry 206 (class 1259 OID 291701)
-- Name: services; Type: TABLE; Schema: public; Owner: -
--

CREATE TABLE public.services (
    s_id integer NOT NULL,
    s_name character varying NOT NULL
);


--
-- TOC entry 207 (class 1259 OID 291750)
-- Name: tannounce_id_announce_seq; Type: SEQUENCE; Schema: public; Owner: -
--

ALTER TABLE public.announces ALTER COLUMN a_id ADD GENERATED BY DEFAULT AS IDENTITY (
    SEQUENCE NAME public.tannounce_id_announce_seq
    START WITH 1
    INCREMENT BY 1
    NO MINVALUE
    NO MAXVALUE
    CACHE 1
);


--
-- TOC entry 198 (class 1259 OID 291077)
-- Name: trole; Type: TABLE; Schema: public; Owner: -
--

CREATE TABLE public.trole (
    id_rolename integer NOT NULL,
    rolename character varying(255),
    xmlclientpermission character varying(10485760)
);


--
-- TOC entry 197 (class 1259 OID 291075)
-- Name: trole_id_rolename_seq; Type: SEQUENCE; Schema: public; Owner: -
--

ALTER TABLE public.trole ALTER COLUMN id_rolename ADD GENERATED BY DEFAULT AS IDENTITY (
    SEQUENCE NAME public.trole_id_rolename_seq
    START WITH 1
    INCREMENT BY 1
    NO MINVALUE
    NO MAXVALUE
    CACHE 1
);


--
-- TOC entry 204 (class 1259 OID 291468)
-- Name: trole_server_permission; Type: TABLE; Schema: public; Owner: -
--

CREATE TABLE public.trole_server_permission (
    id_role_server_permission integer NOT NULL,
    id_rolename integer,
    id_server_permission integer
);


--
-- TOC entry 203 (class 1259 OID 291466)
-- Name: trole_server_permission_id_role_server_permission_seq; Type: SEQUENCE; Schema: public; Owner: -
--

ALTER TABLE public.trole_server_permission ALTER COLUMN id_role_server_permission ADD GENERATED BY DEFAULT AS IDENTITY (
    SEQUENCE NAME public.trole_server_permission_id_role_server_permission_seq
    START WITH 1
    INCREMENT BY 1
    NO MINVALUE
    NO MAXVALUE
    CACHE 1
);


--
-- TOC entry 202 (class 1259 OID 291458)
-- Name: tserver_permission; Type: TABLE; Schema: public; Owner: -
--

CREATE TABLE public.tserver_permission (
    id_server_permission integer NOT NULL,
    permission_name character varying
);


--
-- TOC entry 201 (class 1259 OID 291456)
-- Name: tserver_permission_id_server_permission_seq; Type: SEQUENCE; Schema: public; Owner: -
--

ALTER TABLE public.tserver_permission ALTER COLUMN id_server_permission ADD GENERATED BY DEFAULT AS IDENTITY (
    SEQUENCE NAME public.tserver_permission_id_server_permission_seq
    START WITH 1
    INCREMENT BY 1
    NO MINVALUE
    NO MAXVALUE
    CACHE 1
);


--
-- TOC entry 205 (class 1259 OID 291699)
-- Name: tservices_id_service_seq; Type: SEQUENCE; Schema: public; Owner: -
--

ALTER TABLE public.services ALTER COLUMN s_id ADD GENERATED BY DEFAULT AS IDENTITY (
    SEQUENCE NAME public.tservices_id_service_seq
    START WITH 1
    INCREMENT BY 1
    NO MINVALUE
    NO MAXVALUE
    CACHE 1
);


--
-- TOC entry 196 (class 1259 OID 291068)
-- Name: tuser; Type: TABLE; Schema: public; Owner: -
--

CREATE TABLE public.tuser (
    user_ character varying(50) NOT NULL,
    password character varying(50),
    name character varying(50),
    surname character varying(50),
    email character varying(50),
    userblocked timestamp without time zone,
    lastpasswordupdate timestamp without time zone DEFAULT CURRENT_TIMESTAMP,
    firstlogin boolean DEFAULT true,
    u_latitude numeric DEFAULT 42.90858432172331 NOT NULL,
    u_longitude numeric DEFAULT '-8.517609203138418'::numeric NOT NULL
);


--
-- TOC entry 200 (class 1259 OID 291087)
-- Name: tuser_role; Type: TABLE; Schema: public; Owner: -
--

CREATE TABLE public.tuser_role (
    id_user_role integer NOT NULL,
    id_rolename integer,
    user_ character varying(50)
);


--
-- TOC entry 199 (class 1259 OID 291085)
-- Name: tuser_role_id_user_role_seq; Type: SEQUENCE; Schema: public; Owner: -
--

ALTER TABLE public.tuser_role ALTER COLUMN id_user_role ADD GENERATED BY DEFAULT AS IDENTITY (
    SEQUENCE NAME public.tuser_role_id_user_role_seq
    START WITH 1
    INCREMENT BY 1
    NO MINVALUE
    NO MAXVALUE
    CACHE 1
);


--
-- TOC entry 2842 (class 2604 OID 294648)
-- Name: agreements ag_id; Type: DEFAULT; Schema: public; Owner: -
--

ALTER TABLE ONLY public.agreements ALTER COLUMN ag_id SET DEFAULT nextval('public.agreements_ag_id_seq'::regclass);


--
-- TOC entry 3013 (class 0 OID 294645)
-- Dependencies: 214
-- Data for Name: agreements; Type: TABLE DATA; Schema: public; Owner: -
--

INSERT INTO public.agreements VALUES (69, 148, 'Cambio de cisterna', 25.0, true);
INSERT INTO public.agreements VALUES (70, 149, 'Ofertón del mes de noviembre, ampliamos tu finca sin esfuerzo rápido y fiable!!', 65.0, false);
INSERT INTO public.agreements VALUES (72, 151, 'Reparación de grietas ', 700.0, false);
INSERT INTO public.agreements VALUES (73, 151, 'Reparación de grietas', 650.0, false);
INSERT INTO public.agreements VALUES (74, 151, 'Reparación de grietas', 575.0, true);
INSERT INTO public.agreements VALUES (66, 146, 'Repaaración de problemas eléctricos ', 220.0, true);
INSERT INTO public.agreements VALUES (76, 149, 'prueba', 1200.0, NULL);
INSERT INTO public.agreements VALUES (92, 155, 'Test', 100.0, true);
INSERT INTO public.agreements VALUES (96, 158, 'Recalibración de antena desplazada por el viento', 50.0, NULL);
INSERT INTO public.agreements VALUES (95, 156, 'Oferta desatasco de tubería', 65.0, true);
INSERT INTO public.agreements VALUES (97, 159, 'Oferta flash', 85.0, true);
INSERT INTO public.agreements VALUES (98, 161, 'Limpieza de casa grande', 100.0, true);
INSERT INTO public.agreements VALUES (99, 163, 'Pintar pared oferta ', 50.0, false);
INSERT INTO public.agreements VALUES (100, 163, 'Oferta final rebaja', 40.0, true);
INSERT INTO public.agreements VALUES (101, 164, 'Limpieza integral', 100.0, true);
INSERT INTO public.agreements VALUES (102, 165, 'Tarifa antenista', 120.0, false);
INSERT INTO public.agreements VALUES (103, 165, 'Nueva oferta', 80.0, true);
INSERT INTO public.agreements VALUES (104, 166, 'Limpieza de piso a fondo', 80.0, true);
INSERT INTO public.agreements VALUES (64, 144, 'Oferta para desatasco de tubería urgente.', 85.0, true);
INSERT INTO public.agreements VALUES (109, 168, 'Limpieza de casa', 45.0, true);
INSERT INTO public.agreements VALUES (65, 143, 'Reparacion de cuadro antiguo de Postguerra. Necesario: Condensador de fluzo.', 325.0, true);
INSERT INTO public.agreements VALUES (68, 148, 'Cambio de cisterna ', 250.0, false);
INSERT INTO public.agreements VALUES (162, 206, 'Reparación de grifo de baño.', 35.0, true);
INSERT INTO public.agreements VALUES (163, 207, 'Tarifa reparación', 120.0, false);
INSERT INTO public.agreements VALUES (164, 207, 'Tarifa reducida', 60.0, true);


--
-- TOC entry 3007 (class 0 OID 291752)
-- Dependencies: 208
-- Data for Name: announces; Type: TABLE DATA; Schema: public; Owner: -
--

INSERT INTO public.announces VALUES (59, 'david', 3, '¿Estás listo para una dosis de electricidad que te sorprenderá? En Electricidad Mágica, no solo arreglamos cables y conexiones, ¡hacemos chispas y magia! Si buscas un toque de locura y diversión en tus problemas eléctricos, estás en el lugar correcto. Desde interruptores parlantes hasta luces parpadeantes al ritmo de tu canción favorita, nuestro servicio es simplemente diferente. No prometemos ser serios, ¡pero te prometemos un servicio que nunca olvidarás! ¡Prepárate para un viaje eléctrico único! 😉🔌✨', 'Electricidad Mágica: Haciendo Chispas por Diversión', true, 43.0161018371582031, -7.55240011215209961);
INSERT INTO public.announces VALUES (67, 'diego', 1, 'Diespones de mucho dinero negro? , nosotros te hacemos un hueco donde poder esconderlo, libre de humedades y roedores molestos.', 'Especialista en zulos', true, 41.6515922546386719, -4.74367666244506836);
INSERT INTO public.announces VALUES (61, 'diego', 1, ' Se você precisa de alguém de qualidade, sou eu, porque para trabalhos mal feitos você tem o espanhol', 'Eu não faço falhas, apenas grandes trabalhos.', true, 41.8223686218261719, -7.79321908950805664);
INSERT INTO public.announces VALUES (86, 'diego', 4, 'Reparo de todo, ordenadores, aparatos electrónicos...', 'Todo tipo de reparaciones informáticas', false, 42.3443870544433594, -7.86594295501708984);
INSERT INTO public.announces VALUES (63, 'juan', 2, '¿Un grifo goteando, una tubería con fugas o un inodoro que no para de correr? No te preocupes, estamos aquí para ayudarte. Nuestro equipo de fontaneros profesionales es tu respuesta a cualquier problema de fontanería.', 'Fontaneros Profesionales', true, 42.1131057739257812, -8.7835693359375);
INSERT INTO public.announces VALUES (66, 'domi', 1, '¡Hola! Soy Dominique, un apasionado albañil con un gran deseo de construir y renovar hogares. Aunque soy relativamente nuevo en el mundo de la albañilería, tengo un firme compromiso con la calidad y la satisfacción del cliente.  ¡Contáctame sin compromiso!', 'Servicio de albañilería a domicilio', true, 42.2118415832519531, -8.74123764038085938);
INSERT INTO public.announces VALUES (65, 'juan', 3, 'No dejes que los problemas eléctricos te generen preocupación. Contáctanos hoy mismo y deja que nuestros electricistas expertos se encarguen de tus necesidades eléctricas de manera profesional y eficiente.', 'Reparación de cortocircuitos y fallos eléctricos', true, 42.4023857116699219, -8.58856201171875);
INSERT INTO public.announces VALUES (68, 'david', 2, '¡Mamma mia! ¿Tienes problemas de fontanería? ¡No te preocupes, estoy aquí para ayudarte a derrotar esas fugas y hacer que todo fluya como en un nivel de Super Mario! ¡Vamos, saltemos juntos a la aventura de la fontanería y hagamos que tu hogar sea seguro y divertido! ¡Wahoo!', '¡It''s-a me, David!', true, 41.9006805419921875, 12.4913692474365234);
INSERT INTO public.announces VALUES (70, 'diego', 1, 'Crees que tu finca no es suficientemente grande?, contácta con nosotros y lo solucionamos, nos ocupamos de vecinos molestos también.', 'Especialista en movimiento de marcos', true, 42.2142715454101562, -8.27408123016357422);
INSERT INTO public.announces VALUES (71, 'juan', 3, 'Ofrecemos servicios de inspecciones eléctricas profesionales para garantizar que tu sistema eléctrico esté en óptimas condiciones y cumpla con todas las normativas.', 'Inspecciones Eléctricas', true, 42.3975372314453125, -8.1793212890625);
INSERT INTO public.announces VALUES (72, 'diego', 1, 'Una gran selección de armas cortas y de largo alcance a buenos precios, no lo dudes¡, numeros de serie modificados para que no puedan ser rastreables.', 'No hago muros, pero tengo armas de contrabando', true, 42.0314102172851562, -7.97536659240722656);
INSERT INTO public.announces VALUES (74, 'diego', 1, 'Todo lo que sea estafar... ni lo dudes, somos los mejores', 'Especialista en sistemas piramidales', true, 29.9822654724121094, 31.4199714660644531);
INSERT INTO public.announces VALUES (80, 'diego', 4, 'Gamecubes con picoboot, cambio de condensadores de Game Gear, limpieza y mantenimiento de PS1, SNES, N64... Tu técnico de confianza¡¡', 'Reparación de todo tipo de consolas retro¡¡¡', true, 42.2653160095214844, -8.78197288513183594);
INSERT INTO public.announces VALUES (75, 'juan', 3, 'Los problemas eléctricos no esperan y nosotros tampoco. Nuestro servicio de emergencia eléctrica las 24 horas está a tu disposición para brindarte asistencia rápida y confiable cuando más lo necesitas.', 'Técnico Electricidad de Emergencia 24/7', true, 42.2098121643066406, -8.756103515625);
INSERT INTO public.announces VALUES (97, 'domi', 4, 'Reparo lavadoras, secadoras, aspiradoras, secadores del pelo, estufas eléctricas, batidoras, exprimidores no que me dan mucho trabajo, sacacorchos eléctricos, bolsas de agua enchufables (cobro un plus si huele mucho a pies), batidoras, sangüicheras, tostadoras, neveras, radios, equipos de música, altavoces y congeladores. 
Pregunta sin compromiso, precios asequibles.', 'Reparación de electrodomésticos', true, 42.2179450988769531, -8.71917724609375);
INSERT INTO public.announces VALUES (64, 'diego', 3, 'Todo tipo de soluciones a la oscuridad.', 'Te llevo la luz.', true, 42.1964111328125, -7.79415655136108398);
INSERT INTO public.announces VALUES (76, 'david', 1, 'En esta isla desierta, nuestro Albañil Solitario no solo cuenta con recursos limitados, sino también con un equipo muy peculiar: una legión de cangrejos trabajadores que se unen para construir tu sueño.', 'Albañilería en la Isla de los Cangrejos Ayudantes', true, 18.3681144714355469, -114.744155883789062);
INSERT INTO public.announces VALUES (73, 'domi', 2, 'Soy un fontanero con años de experiencia dedicados a ofrecer servicios confiables y de alta calidad. Con una trayectoria probada en el campo de la fontanería, estoy aquí para resolver cualquier problema que tenga en su hogar o negocio. Presupuestos sin compromiso.', 'Fontanería Profesional: Experiencia en la que puede confiar', true, 42.2248077392578125, -8.74466991424560547);
INSERT INTO public.announces VALUES (58, 'diego', 2, 'Todo tipo de desatascos¡, que se ha quedado la suegra atascada en el desagüe?, La extraemos y no deshacemos de ella .', 'Desatasco tus problemas', true, 42.436248779296875, -8.64567947387695312);
INSERT INTO public.announces VALUES (62, 'juan', 2, '¿Necesitas urgentemente un fontanero confiable y eficiente? ¡No busques más! En nuestro servicio de fontanería, te ofrecemos soluciones rápidas y asequibles para resolver cualquier problema en tu sistema de fontanería.', '¿Problemas de fontanería? ¡Tenemos la solución!', true, 42.2366104125976562, -8.72295475006103516);
INSERT INTO public.announces VALUES (79, 'diego', 6, 'No ves bien la tv?, Experto en instalación de todo tipo de antenas, incluso para escuchar a los vecinos, señora cotilla a que espera¡¡¡.', 'Te busco la señal', true, 42.2821731567382812, -8.60005283355712891);
INSERT INTO public.announces VALUES (69, 'domi', 3, 'He visto unos vídeos en YouTube y me siento confiado. Sé subir los plomos, cambiar bombillas si no están muy altas, desenchufar la televisión por la noche que dicen que así se ahorra bastante a largo plazo, etc.', 'Electricista autodidacta', true, 42.2148933410644531, -8.68458747863769531);
INSERT INTO public.announces VALUES (60, 'diego', 3, 'Empalmes, Térmicos y todo tipo de mecanismos para reducir su factura de la luz. Generando soluciones a sus problemas corrientes.', 'Un electricista poco corriente', true, 42.3496322631835938, -7.87103033065795898);
INSERT INTO public.announces VALUES (107, 'diego', 7, 'Todo tipo de transportes y mudanzas , pero siempre que sean legales claro!', 'Llevo lo que haga falta.', true, 42.2230567932128906, -8.73734474182128906);
INSERT INTO public.announces VALUES (101, 'david', 3, '"En ''Encuentra el Foco'', sabemos que la vida puede ser un poco oscura y confusa. Por eso, te ofrecemos una gama deslumbrante de focos para cada ocasión. ¿Necesitas concentrarte en el trabajo? Prueba nuestro ''Foco Concentrador''. ¿Una cena romántica? El ''Foco Amoroso'' crea el ambiente perfecto. Y para esos momentos en los que simplemente no puedes encontrar tus cosas, el ''Foco Busca-Llaves'' será tu nuevo mejor amigo. ¡Ven y descubre la luz que te falta, solo en ''Encuentra el Foco''!"', 'Encuentra el Foco! Tu tienda de focos favorita', true, 42.2070503234863281, -8.75400066375732422);
INSERT INTO public.announces VALUES (100, 'domi', 7, 'Disponible 24 horas, transporto objetos de un punto a otro del espacio. 
Perfecto para mudanzas, compras de muebles o grandes electrodomésticos. No transporto animales.
Conductor con años de experiencia, trato impecable y muy detallista. Si algo se rompe durante el trayecto, te pido perdón.
Contacta conmigo.', 'Transportista 24 horas', true, 42.1752510070800781, -8.71872138977050781);
INSERT INTO public.announces VALUES (105, 'antoniofer', 6, 'Arreglo antenas, profesional y barato. Rápido', 'Arreglo antenas', true, 42.2317314147949219, -8.72821903228759766);
INSERT INTO public.announces VALUES (102, 'alvaropoc', 1, 'Soy bueno y barato trabajo de lunes a jueves', 'Titulo de ejemplo', false, 42.2317314147949219, -8.73302555084228516);
INSERT INTO public.announces VALUES (106, 'diego', 4, 'Soy tu manitas de reparación a domicilio, todo tipo de electrónica y electrodomésticos, al mejor precio¡¡.', 'Reparación de productos electrónicos.', true, 42.20623779296875, -8.72526645660400391);
INSERT INTO public.announces VALUES (98, 'domi', 5, 'Con un enfoque profesional y cuidadoso, me encargo de la limpieza de su hogar para que puedan disfrutar de un espacio impecable y relajante.

Mi servicio incluye limpieza detallada y adaptada a sus necesidades específicas. Ofrezco flexibilidad de horarios para ajustarme a su rutina, garantizando una atención cuidadosa a cada rincón de su hogar. Puede confiar en mi profesionalismo y respeto por su privacidad.

Entre los servicios disponibles se encuentran la limpieza general y mantenimiento, limpieza profunda de cocinas y baños, cuidado de pisos y superficies, limpieza de ventanas y persianas, y organización de espacios. 

LLame sin compromiso.', 'Servicio de limpieza particular', true, 42.1996917724609375, -8.69766044616699219);
INSERT INTO public.announces VALUES (110, 'diego', 6, 'Parabólicas, Digitales, especialistas en todo!', 'Todo tipo de antenas', true, 42.2263641357421875, -8.73656749725341797);
INSERT INTO public.announces VALUES (104, 'domi', 5, 'Limpio casas y pisos', 'Limpieza a domicilio', true, 42.2287254333496094, -8.71194839477539062);
INSERT INTO public.announces VALUES (118, 'juan', 2, 'Servicio barato y profesional, atención rápida y personalizada.', 'Desatasco de todo rápido', true, 42.2300834655761719, -8.73320865631103516);
INSERT INTO public.announces VALUES (108, 'diego', 1, 'Todo tipo de reformas¡¡, Lo que necesites , presupuestos muy ajustados.', 'Reformas integrales', true, 42.2291069030761719, -8.72721195220947266);
INSERT INTO public.announces VALUES (99, 'domi', 6, '¿Que no sabes lo que es una antena de televisión? Déjame hablar con un mayor.
Si todavía se te hace bola el apagón analógico y no tienes muy claro qué es el TDT, yo soy tu hombre.
Porque las familias todavía se juntan alrededor del televisor, ofrezco un servicio fiable con años de experiencia que lo avalan.
¡Llámame!', 'Antenista con experiencia', true, 42.2253150939941406, -8.69222927093505859);
INSERT INTO public.announces VALUES (130, 'joselopez', 4, 'Reparo todo tipo de equipos informáticos y electrónicos disponible toda la semana!', 'Reparación de equipos informáticos', true, 42.2276611328125, -8.73706626892089844);
INSERT INTO public.announces VALUES (112, 'Pepemar', 2, 'Especialista en todo tipo de fugas disponible toda la semana. Solucionamos problemas de fugas con rapidez y eficiencia. Ofrecemos servicios rápidos y confiables para garantizar la integridad de sus instalaciones.', 'Reparación de fugas', true, 42.2249908447265625, -8.73688602447509766);
INSERT INTO public.announces VALUES (109, 'diego', 3, 'Te ayudo a reducir tu factura de la luz, el mejor electricista de la provincia!', 'Especialista en fugas eléctricas', true, 42.2268333435058594, -8.73017787933349609);


--
-- TOC entry 3009 (class 0 OID 292769)
-- Dependencies: 210
-- Data for Name: conversations; Type: TABLE DATA; Schema: public; Owner: -
--

INSERT INTO public.conversations VALUES (147, 73, 'david', true, NULL);
INSERT INTO public.conversations VALUES (151, 66, 'bruce', true, NULL);
INSERT INTO public.conversations VALUES (148, 63, 'domi', true, NULL);
INSERT INTO public.conversations VALUES (150, 58, 'peter', true, NULL);
INSERT INTO public.conversations VALUES (146, 65, 'diego', true, '2023-11-14 22:18:58.738');
INSERT INTO public.conversations VALUES (149, 70, 'juan', false, NULL);
INSERT INTO public.conversations VALUES (155, 58, 'domi', true, '2023-11-15 14:22:44.363');
INSERT INTO public.conversations VALUES (143, 59, 'domi', true, '2023-11-16 11:21:30.865');
INSERT INTO public.conversations VALUES (158, 79, 'david', true, NULL);
INSERT INTO public.conversations VALUES (156, 58, 'clark', true, '2023-11-17 09:01:46.573');
INSERT INTO public.conversations VALUES (144, 58, 'juan', false, '2023-11-15 14:23:02.898');
INSERT INTO public.conversations VALUES (159, 58, 'david', true, '2023-11-17 09:20:34.716');
INSERT INTO public.conversations VALUES (160, 101, 'diego', true, NULL);
INSERT INTO public.conversations VALUES (161, 98, 'alvaropoc', true, NULL);
INSERT INTO public.conversations VALUES (153, 62, 'diego', true, NULL);
INSERT INTO public.conversations VALUES (162, 102, 'diego', true, NULL);
INSERT INTO public.conversations VALUES (163, 102, 'diego', true, '2023-11-21 09:14:46.684');
INSERT INTO public.conversations VALUES (164, 104, 'antoniofer', true, NULL);
INSERT INTO public.conversations VALUES (206, 112, 'joselopez', true, NULL);
INSERT INTO public.conversations VALUES (166, 104, 'antoniolop', true, NULL);
INSERT INTO public.conversations VALUES (207, 130, 'domi', true, '2023-11-27 12:56:30.82');
INSERT INTO public.conversations VALUES (208, 64, 'domi', true, NULL);
INSERT INTO public.conversations VALUES (168, 104, 'Pepemar', true, NULL);
INSERT INTO public.conversations VALUES (169, 112, 'domi', true, '2023-11-21 13:27:31.947');
INSERT INTO public.conversations VALUES (170, 104, 'pepelopez', true, NULL);
INSERT INTO public.conversations VALUES (165, 105, 'domi', false, '2023-11-21 09:50:26.53');
INSERT INTO public.conversations VALUES (172, 66, 'david', true, NULL);
INSERT INTO public.conversations VALUES (173, 66, 'diego', true, NULL);


--
-- TOC entry 3011 (class 0 OID 292820)
-- Dependencies: 212
-- Data for Name: messages; Type: TABLE DATA; Schema: public; Owner: -
--

INSERT INTO public.messages VALUES (242, 'domi', 'Hola, necesitaría un chute de energía; metafóricamente hablando. Debido a las fuertes lluvias el cuadro eléctrico de mi casa cortocircuitó y ardió. Necesito cambiarlo por completo', 143, '2023-11-07 12:39:24.142473');
INSERT INTO public.messages VALUES (243, 'juan', 'Hola, me interesa el servicio de desatasco', 144, '2023-11-07 12:39:30.14332');
INSERT INTO public.messages VALUES (245, 'david', '¡Hola! Entiendo tu necesidad de un "chute" de energía. Lamento escuchar sobre el problema con tu cuadro eléctrico. Por favor, cuéntame más detalles sobre tu situación, y trabajaremos juntos para solucionarlo.', 143, '2023-11-07 12:41:17.42099');
INSERT INTO public.messages VALUES (246, 'diego', 'Hola, perfecto. Algo en concreto que necesites?', 144, '2023-11-07 12:41:21.54969');
INSERT INTO public.messages VALUES (247, 'juan', 'Si, es para desatascar unas tuberías.', 144, '2023-11-07 12:42:35.83801');
INSERT INTO public.messages VALUES (248, 'diego', 'Genial, tengo buenos precios. Te puedo hacer presupuesto aproximado', 144, '2023-11-07 12:43:16.239126');
INSERT INTO public.messages VALUES (249, 'juan', 'Vale, envíame oferta cuando lo tengas y lo revisamos', 144, '2023-11-07 12:44:13.94722');
INSERT INTO public.messages VALUES (250, 'diego', 'Okey. Si puedes darme mas detalles mejor', 144, '2023-11-07 12:45:35.254514');
INSERT INTO public.messages VALUES (251, 'domi', 'Es un cuadro antiguo, de la posguerra. Es una pena porque era un recuerdo de mi tía que falleció hace siete años Dios la tenga en su gloria. Necesita cambiarse el condensador de fluzo', 143, '2023-11-07 12:45:35.316689');
INSERT INTO public.messages VALUES (252, 'juan', 'Noté el problema hace un par de días, pero se ha vuelto cada vez peor. El agua no drena en absoluto, y me preocupa que empeore con el tiempo. ¿Puedes venir a echar un vistazo lo más pronto posible?', 144, '2023-11-07 12:45:48.350091');
INSERT INTO public.messages VALUES (254, 'diego', 'Por supuesto. Resolveré ese atasco en un abrir y cerrar de ojos. Te nevío oferta ya.', 144, '2023-11-07 12:48:01.85742');
INSERT INTO public.messages VALUES (255, 'david', 'Entiendo que el cuadro tiene un valor sentimental para ti, y lamento escuchar sobre la pérdida de tu tía. Te voy a preparar una oferta.', 143, '2023-11-07 12:49:33.725144');
INSERT INTO public.messages VALUES (256, 'domi', 'Fenomenal. Muchas gracias!', 143, '2023-11-07 12:49:56.322368');
INSERT INTO public.messages VALUES (257, 'domi', 'Oferta aceptada, quedo a la espera de que pases por aquí!', 143, '2023-11-07 12:55:50.393721');
INSERT INTO public.messages VALUES (258, 'diego', '¡Hola! Tengo un problema con un cortocircuito en mi casa. Las luces se apagan constantemente, y estoy preocupado por la seguridad de mi familia. ¿Puedes ayudarme?', 146, '2023-11-07 12:59:24.189786');
INSERT INTO public.messages VALUES (259, 'juan', '¡Hola, Diego! Soy Juan, el electricista de confianza. Cuéntame más sobre la situación.', 146, '2023-11-07 12:59:36.301839');
INSERT INTO public.messages VALUES (260, 'david', 'Hola', 147, '2023-11-07 13:00:11.00252');
INSERT INTO public.messages VALUES (262, 'david', 'Necesito ayuda con un problema de fontanería en mi hogar. ¿Puedes venir a echar un vistazo y proporcionarme un presupuesto?', 147, '2023-11-07 13:00:39.37296');
INSERT INTO public.messages VALUES (263, 'diego', 'Hola, Juan. Me alegra que respondieras tan rápido. El problema comenzó hace unos días, y ha empeorado desde entonces. No tengo conocimientos en electricidad, pero sé que esto no es normal. ¿Qué debo hacer?', 146, '2023-11-07 13:00:44.535877');
INSERT INTO public.messages VALUES (264, 'juan', 'Comprendo tus preocupaciones, Diego. La seguridad eléctrica es primordial. Para evaluar la situación y resolver el problema, necesitaré saber más detalles. ¿Puedes decirme si el problema afecta solo a una parte de la casa o a toda ella?', 146, '2023-11-07 13:01:32.145528');
INSERT INTO public.messages VALUES (265, 'diego', 'El problema afecta a la mitad de la casa. Las luces se apagan, y algunos enchufes no funcionan. La otra mitad de la casa parece estar bien. Es extraño, y no tengo idea de lo que podría estar pasando.', 146, '2023-11-07 13:01:44.908025');
INSERT INTO public.messages VALUES (266, 'juan', 'Gracias por la información, Diego. Esa descripción es útil. Puede ser un problema en el panel eléctrico o en el cableado. Para solucionar esto, programaremos una visita a tu casa para inspeccionar y diagnosticar la causa del cortocircuito. ¿Cuál es tu dirección?', 146, '2023-11-07 13:01:51.471004');
INSERT INTO public.messages VALUES (267, 'domi', 'Claro, dónde sería para ir a echar un vistazo?', 147, '2023-11-07 13:01:56.37731');
INSERT INTO public.messages VALUES (268, 'diego', ' Mi dirección es Avenida de Madrid 25, 3D. Gracias por tu pronta respuesta, Juan. La seguridad es mi prioridad, y me alivia saber que estás aquí para ayudar.', 146, '2023-11-07 13:02:51.94049');
INSERT INTO public.messages VALUES (269, 'juan', 'Perfecto, te envío la oferta por aquí.', 146, '2023-11-07 13:03:04.933235');
INSERT INTO public.messages VALUES (270, 'david', 'Estoy en la calle San Roque, por lo que veo en el mapa no estas muy lejos de aqui, en el portal 45, 2º Izq', 147, '2023-11-07 13:04:40.131442');
INSERT INTO public.messages VALUES (271, 'domi', 'Perfecto, a grandes rasgos cuál es el problema?', 147, '2023-11-07 13:05:00.035619');
INSERT INTO public.messages VALUES (272, 'david', 'Pierde agua la ducha del cuarto de baño', 147, '2023-11-07 13:05:59.088562');
INSERT INTO public.messages VALUES (273, 'domi', 'Es un goteo constante o es una pérdida puntual?', 147, '2023-11-07 13:06:45.859909');
INSERT INTO public.messages VALUES (274, 'david', 'Es constante', 147, '2023-11-07 13:07:07.35926');
INSERT INTO public.messages VALUES (275, 'domi', 'Vale, tiene pinta de tratarse de una fuga, te viene bien que me pase por ahí mañana al medio día para echarle un ojo?', 147, '2023-11-07 13:07:53.518538');
INSERT INTO public.messages VALUES (276, 'david', 'Sip, perfecto', 147, '2023-11-07 13:08:13.610177');
INSERT INTO public.messages VALUES (277, 'domi', 'Muy bien, te mando una oferta. Estate atento', 147, '2023-11-07 13:08:44.125957');
INSERT INTO public.messages VALUES (278, 'domi', 'Buenas! necesito un servicio de fontanería', 148, '2023-11-07 13:14:00.016009');
INSERT INTO public.messages VALUES (279, 'juan', 'Claro, cuál es el problema?', 148, '2023-11-07 13:14:14.499988');
INSERT INTO public.messages VALUES (280, 'domi', 'La cisterna del váter se queda atascada a menudo, y a veces durante horas hasta que nos damos cuenta en casa; lo que causa que se desperdicien muchos litros de agua', 148, '2023-11-07 13:15:15.298152');
INSERT INTO public.messages VALUES (281, 'juan', 'Entiendo, es una cisterna antigüa?', 148, '2023-11-07 13:15:30.779983');
INSERT INTO public.messages VALUES (282, 'domi', 'Lo cierto es que no, tendrá alrededor de 6 o 7 años. Falla desde siempre, pero últimamente más.', 148, '2023-11-07 13:16:02.258482');
INSERT INTO public.messages VALUES (283, 'juan', 'Ya veo. Lo mejor será cambiar el sistema de drenaje, y de paso podemos instalar una cisterna de ahorro de agua', 148, '2023-11-07 13:16:55.731416');
INSERT INTO public.messages VALUES (284, 'domi', 'Eso suena bien, necesitas pasarte por aquí para echarle un vistazo?', 148, '2023-11-07 13:17:17.750858');
INSERT INTO public.messages VALUES (285, 'juan', 'No, tratándose de algo menor puedo hacerte una oferta directamente y, si te parece bien, pasarme por ahí antes de que termine la semana', 148, '2023-11-07 13:18:05.373212');
INSERT INTO public.messages VALUES (286, 'juan', 'Te mando una oferta ', 148, '2023-11-07 13:18:13.162187');
INSERT INTO public.messages VALUES (287, 'juan', 'Hola, me interesa. Cual es tu especialidad exactamente?', 149, '2023-11-07 13:18:28.882071');
INSERT INTO public.messages VALUES (289, 'diego', 'Me ocupo de los vecinos molestos y hago ganar unos cuantos metros a tu finca. Te envío mi oferta especial del mes ya!', 149, '2023-11-07 13:20:13.669948');
INSERT INTO public.messages VALUES (291, 'domi', '250€ por cambiar una cisterna?', 148, '2023-11-07 13:21:19.63818');
INSERT INTO public.messages VALUES (292, 'juan', 'Disculpa, fue un error, puse un 0 de más', 148, '2023-11-07 13:21:37.370262');
INSERT INTO public.messages VALUES (293, 'juan', 'Te he mandado otra oferta', 148, '2023-11-07 13:21:46.850638');
INSERT INTO public.messages VALUES (294, 'domi', 'Listo, espero a que te pases por aquí entonces', 148, '2023-11-07 13:22:22.726524');
INSERT INTO public.messages VALUES (295, 'juan', 'Perfecto, hasta pronto!', 148, '2023-11-07 13:22:35.554529');
INSERT INTO public.messages VALUES (296, 'juan', 'Lo siento, me he equivocado. No me interesa ese servicio. Rechazo la oferta 😅', 149, '2023-11-07 13:22:53.61833');
INSERT INTO public.messages VALUES (297, 'diego', '*envío disculpa', 144, '2023-11-07 13:24:54.302523');
INSERT INTO public.messages VALUES (298, 'peter', 'Hola, tengo un problema de atasco bastante grave', 150, '2023-11-07 13:25:06.158995');
INSERT INTO public.messages VALUES (299, 'diego', 'Hola Peter, cuál es el problema?', 150, '2023-11-07 13:25:20.588449');
INSERT INTO public.messages VALUES (300, 'peter', 'Sabes que a veces, al ducharse, los pelos se acumulan en el desagüe?', 150, '2023-11-07 13:25:41.410224');
INSERT INTO public.messages VALUES (301, 'diego', 'Claro! Es un problema muy común. Puedo echarle un vistazo sin problema', 150, '2023-11-07 13:26:03.489198');
INSERT INTO public.messages VALUES (302, 'peter', 'El caso es que no hay pelos exactamente, son telas de araña', 150, '2023-11-07 13:26:24.0413');
INSERT INTO public.messages VALUES (303, 'diego', 'Telas de araña', 150, '2023-11-07 13:26:30.593985');
INSERT INTO public.messages VALUES (304, 'peter', 'sí', 150, '2023-11-07 13:26:35.160679');
INSERT INTO public.messages VALUES (308, 'peter', 'El precio no será un problema.', 150, '2023-11-07 13:28:56.456861');
INSERT INTO public.messages VALUES (316, 'bruce', 'Perfecto, ¿a las 3:00 PM te va bien?', 151, '2023-11-07 13:38:46.768018');
INSERT INTO public.messages VALUES (323, 'bruce', 'Sigue siendo muy caro para mi presupuesto, creo que voy a optar por buscar otras alternativas u otros profesionales', 151, '2023-11-07 13:41:40.069655');
INSERT INTO public.messages VALUES (534, 'Pepemar', 'De acuerdo, entiendo la situación con el grifo de su baño. Le enviaré una oferta para la reparación de fugas a domicilio. Gracias por contactar conmigo.', 206, '2023-11-27 12:49:57.073498');
INSERT INTO public.messages VALUES (535, 'domi', 'Buenos días. No me enciende el ordenador desde hacer unos días, ha habido una tormenta eléctrica este finde y creo que ha podido ser una subida de tensión.', 207, '2023-11-27 12:52:18.484049');
INSERT INTO public.messages VALUES (537, 'domi', '😱 Me parece un precio muy elevado, ¿No puedes ofrecerme una mejor oferta?', 207, '2023-11-27 12:53:59.392305');
INSERT INTO public.messages VALUES (305, 'diego', 'Telas de araña entupiendo el desagüe de la ducha', 150, '2023-11-07 13:26:51.702201');
INSERT INTO public.messages VALUES (307, 'diego', 'No es un caso muy común. Puedo intentar desatascar la tubería, pero no será barato', 150, '2023-11-07 13:28:38.648158');
INSERT INTO public.messages VALUES (309, 'diego', 'Bien, te he mandado un presupuesto, échale un ojo', 150, '2023-11-07 13:29:12.05696');
INSERT INTO public.messages VALUES (317, 'domi', 'Sí, a las 3:00 PM está bien. Nos vemos mañana entonces. ¿Hay algo más que necesites que tenga en cuenta durante la evaluación?', 151, '2023-11-07 13:39:03.566531');
INSERT INTO public.messages VALUES (538, 'joselopez', 'Okey, te mando una tarifa reducida', 207, '2023-11-27 12:54:38.973354');
INSERT INTO public.messages VALUES (306, 'peter', 'sí', 150, '2023-11-07 13:26:55.627653');
INSERT INTO public.messages VALUES (310, 'peter', 'Me parece bien. Ven lo antes posible. Muchas gracias.', 150, '2023-11-07 13:30:55.588295');
INSERT INTO public.messages VALUES (311, 'bruce', 'Hola, estoy buscando un albañil para reparar las paredes de mi sala. ¿Estás disponible para un trabajo?', 151, '2023-11-07 13:36:11.32069');
INSERT INTO public.messages VALUES (314, 'bruce', 'Claro, tengo algunas grietas en las paredes y necesito que sean reparadas y repintadas. ¿Puedes venir a verlo y darme un presupuesto?', 151, '2023-11-07 13:38:05.651375');
INSERT INTO public.messages VALUES (318, 'bruce', 'No, solo las paredes de la sala por ahora. Gracias por tu ayuda. Nos vemos mañana a las 3:00 PM.', 151, '2023-11-07 13:39:11.189568');
INSERT INTO public.messages VALUES (319, 'domi', 'De nada, estaré allí a las 3:00 PM para evaluar el trabajo. Si tienes alguna pregunta antes de la reunión, no dudes en llamarme. Hasta mañana.', 151, '2023-11-07 13:39:21.110252');
INSERT INTO public.messages VALUES (321, 'bruce', 'Lo siento, me parece demasiado caro para el servicio del que estamos hablando', 151, '2023-11-07 13:40:15.574218');
INSERT INTO public.messages VALUES (325, 'bruce', 'Hecho, pásate en cuanto puedas ', 151, '2023-11-07 13:43:02.921161');
INSERT INTO public.messages VALUES (326, 'domi', 'Me puedo pasar a final de semana, a la misma hora que la última vez', 151, '2023-11-07 13:43:24.45448');
INSERT INTO public.messages VALUES (327, 'bruce', 'Me viene bien, hasta entonces', 151, '2023-11-07 13:43:33.028998');
INSERT INTO public.messages VALUES (539, 'domi', 'Esta está mucho mejor, ¡Oferta aceptada! 👍', 207, '2023-11-27 12:55:04.424676');
INSERT INTO public.messages VALUES (540, 'domi', 'Hola, no perdáis el foco', 208, '2023-11-28 14:33:21.342735');
INSERT INTO public.messages VALUES (313, 'domi', 'Sí, estoy disponible para ayudarte. ¿Podrías proporcionarme más detalles sobre el trabajo que necesitas hacer?', 151, '2023-11-07 13:37:52.586799');
INSERT INTO public.messages VALUES (315, 'domi', 'Por supuesto, estaré encantado de hacer una visita para evaluar el trabajo. ¿Podemos programar una cita para mañana por la tarde?', 151, '2023-11-07 13:38:11.869311');
INSERT INTO public.messages VALUES (320, 'domi', 'Tras evaluar el servicio, puedo hacerte una oferta', 151, '2023-11-07 13:39:37.919822');
INSERT INTO public.messages VALUES (322, 'domi', 'Puedo rebajarte algo el precio', 151, '2023-11-07 13:40:32.301702');
INSERT INTO public.messages VALUES (324, 'domi', 'Puedo hacerte una última oferta, pero teniendo en cuenta el coste de los materiales y el tiempo que me va a llevar no puedo bajar de ahí', 151, '2023-11-07 13:42:11.284764');
INSERT INTO public.messages VALUES (330, 'diego', 'hola', 153, '2023-11-08 15:53:42.793199');
INSERT INTO public.messages VALUES (332, 'diego', 'que pasa diegooo. aquí sarita wey XD', 153, '2023-11-13 10:30:27.834106');
INSERT INTO public.messages VALUES (333, 'diego', 'necesito desatasco a buen precio ;)', 153, '2023-11-13 10:30:55.370823');
INSERT INTO public.messages VALUES (336, 'clark', 'Hola, me interesa el servicio. Envíame si puedes un presupuesto para desatascar una tubería simple
', 156, '2023-11-14 14:50:12.134655');
INSERT INTO public.messages VALUES (337, 'diego', 'Okey, te mando una oferta', 156, '2023-11-14 14:50:31.600667');
INSERT INTO public.messages VALUES (340, 'diego', 'has visto la oferta ? ', 156, '2023-11-16 07:33:57.713874');
INSERT INTO public.messages VALUES (344, 'domi', 'hola', 151, '2023-11-16 13:32:20.985307');
INSERT INTO public.messages VALUES (347, 'david', 'Hola buenas, estoy perdiendo la señal constantemente, creo que necesito de tu ayuda, estas disponible?', 158, '2023-11-17 08:38:33.063151');
INSERT INTO public.messages VALUES (348, 'diego', 'Claro, puedo ayudarte, ¿Qué sintomas tiene tu televisor? Imagen borrosa, sonido inestable, luz al final de un tunel?', 158, '2023-11-17 08:39:45.410063');
INSERT INTO public.messages VALUES (349, 'david', 'No se ve nada, solo rallitas grises, lo siento no entiendo mucho de los aparatos estos, y hace un ruido horrible!', 158, '2023-11-17 08:40:48.179551');
INSERT INTO public.messages VALUES (350, 'diego', 'tiene mala pinta, hace poco que empezó a hacer eso o lo hace desde siempre?', 158, '2023-11-17 08:41:43.69658');
INSERT INTO public.messages VALUES (352, 'david', 'Lo hace desde hace poco', 158, '2023-11-17 08:45:32.645832');
INSERT INTO public.messages VALUES (353, 'diego', 'Ok! Probablemente se deba a la tormenta que ha habido estos días. Te envío una oferta', 158, '2023-11-17 08:46:07.855851');
INSERT INTO public.messages VALUES (354, 'david', 'Hola, envíame una oferta para desatascar unas tuberías, la necesito rápido', 159, '2023-11-17 09:03:11.696849');
INSERT INTO public.messages VALUES (355, 'diego', 'Te envío una oferta rápido, dime que te parece', 159, '2023-11-17 09:03:44.582227');
INSERT INTO public.messages VALUES (356, 'diego', 'Hola que tal', 158, '2023-11-17 09:18:37.464381');
INSERT INTO public.messages VALUES (357, 'diego', 'Hola', 159, '2023-11-17 09:39:03.714759');
INSERT INTO public.messages VALUES (358, 'diego', 'Holaa
', 160, '2023-11-17 09:55:43.455114');
INSERT INTO public.messages VALUES (359, 'diego', 'Que tal', 160, '2023-11-17 09:55:52.747031');
INSERT INTO public.messages VALUES (360, 'diego', 'novo', 144, '2023-11-20 18:41:38.445682');
INSERT INTO public.messages VALUES (361, 'alvaropoc', 'Hola, me interesa', 161, '2023-11-21 08:58:51.633446');
INSERT INTO public.messages VALUES (362, 'alvaropoc', 'Necesito una limpieza a fondo de una casa grande', 161, '2023-11-21 08:59:16.926904');
INSERT INTO public.messages VALUES (363, 'alvaropoc', 'Hola', 161, '2023-11-21 08:59:37.895008');
INSERT INTO public.messages VALUES (364, 'alvaropoc', 'Hoola', 161, '2023-11-21 08:59:48.590976');
INSERT INTO public.messages VALUES (365, 'alvaropoc', 'sdfgsdfgsfg', 161, '2023-11-21 09:00:07.350828');
INSERT INTO public.messages VALUES (366, 'domi', 'Claro, tengo hueco en la agenda. Te mando un presupuesto!', 161, '2023-11-21 09:00:14.781461');
INSERT INTO public.messages VALUES (368, 'diego', 'hola necesito tu ayuda', 163, '2023-11-21 09:10:25.125371');
INSERT INTO public.messages VALUES (369, 'alvaropoc', 'Vale, te paso una oferta con mi tarifa estándar', 163, '2023-11-21 09:11:33.658821');
INSERT INTO public.messages VALUES (370, 'diego', 'es un pelin caro , puedes bajar algo el precio ?', 163, '2023-11-21 09:12:33.114536');
INSERT INTO public.messages VALUES (371, 'antoniofer', 'Hola me interesa', 164, '2023-11-21 09:37:22.472952');
INSERT INTO public.messages VALUES (374, 'antoniofer', 'Ncesito una limpieza a fondo de mi apartamento', 164, '2023-11-21 09:40:00.702888');
INSERT INTO public.messages VALUES (375, 'domi', 'Claro, puedo ayudarte. Te envío oferta!', 164, '2023-11-21 09:40:19.685553');
INSERT INTO public.messages VALUES (376, 'domi', 'Hola necesito reparar una antena
', 165, '2023-11-21 09:46:12.016865');
INSERT INTO public.messages VALUES (377, 'antoniofer', 'Claro! Te envío mi una oferta con mi tarifa estandar', 165, '2023-11-21 09:47:28.943056');
INSERT INTO public.messages VALUES (378, 'domi', 'hola, podrias bajar un pelin el precio ? ', 165, '2023-11-21 09:48:07.23003');
INSERT INTO public.messages VALUES (379, 'domi', 'Ok acepto el trato¡¡', 165, '2023-11-21 09:49:17.220773');
INSERT INTO public.messages VALUES (380, 'antoniolop', 'Hola, buenas', 166, '2023-11-21 12:37:31.226358');
INSERT INTO public.messages VALUES (381, 'antoniolop', 'Me interesa el servicio, necesito limpiar una casa grande a fondo', 166, '2023-11-21 12:37:49.104405');
INSERT INTO public.messages VALUES (382, 'domi', 'Perfecto, te envio una oferta ensegida!', 166, '2023-11-21 12:38:07.031868');
INSERT INTO public.messages VALUES (532, 'joselopez', 'Hola', 206, '2023-11-27 12:49:19.731272');
INSERT INTO public.messages VALUES (533, 'joselopez', 'Mi grifo pierde agua, podrías ayudarme?', 206, '2023-11-27 12:49:38.807574');
INSERT INTO public.messages VALUES (536, 'joselopez', 'Sin problema! Te envío una oferta para la reparación', 207, '2023-11-27 12:53:27.707409');
INSERT INTO public.messages VALUES (391, 'Pepemar', 'Hola', 168, '2023-11-21 13:20:55.416597');
INSERT INTO public.messages VALUES (392, 'Pepemar', 'Necesito una limpieza urgente en mi casa, envíame oferta si puedes', 168, '2023-11-21 13:21:15.436793');
INSERT INTO public.messages VALUES (393, 'domi', 'Perfecto, te envio una oferta!', 168, '2023-11-21 13:21:18.392822');
INSERT INTO public.messages VALUES (394, 'domi', 'Tengo una fuga en mi cuarto de baño, es del grifo, me lo arreglarias?', 169, '2023-11-21 13:23:24.895365');
INSERT INTO public.messages VALUES (395, 'Pepemar', 'Por supuesto! Te envio mi tarifa con una oferta', 169, '2023-11-21 13:25:39.888763');
INSERT INTO public.messages VALUES (396, 'domi', 'Bufff, me parece carisimo! mejorame la oferta', 169, '2023-11-21 13:26:10.359719');
INSERT INTO public.messages VALUES (397, 'domi', 'Eso esta mucho mejor! Oferta aceptada', 169, '2023-11-21 13:26:45.955651');
INSERT INTO public.messages VALUES (398, 'pepelopez', 'Hola', 170, '2023-11-21 13:48:40.598806');
INSERT INTO public.messages VALUES (399, 'pepelopez', 'Me interesa una limpieza urgente en mi casa', 170, '2023-11-21 13:48:56.411014');
INSERT INTO public.messages VALUES (400, 'domi', 'Perfecto, te envio una oferta!', 170, '2023-11-21 13:49:08.364557');
INSERT INTO public.messages VALUES (405, 'david', 'Hola domi, me haces una casa entera solo para mi?', 172, '2023-11-22 09:49:11.062853');
INSERT INTO public.messages VALUES (406, 'diego', 'Hola que tal, necesito un albañil¡¡', 173, '2023-11-22 09:49:17.450201');
INSERT INTO public.messages VALUES (407, 'domi', ' A ti ni la hora', 173, '2023-11-22 09:49:46.252269');
INSERT INTO public.messages VALUES (408, 'domi', 'En minecraft', 172, '2023-11-22 09:49:57.733721');


--
-- TOC entry 3005 (class 0 OID 291701)
-- Dependencies: 206
-- Data for Name: services; Type: TABLE DATA; Schema: public; Owner: -
--

INSERT INTO public.services VALUES (1, 'BRICKWORK');
INSERT INTO public.services VALUES (2, 'PLUMBING');
INSERT INTO public.services VALUES (3, 'ELECTRICITY');
INSERT INTO public.services VALUES (5, 'CLEANING');
INSERT INTO public.services VALUES (6, 'ANTENIST');
INSERT INTO public.services VALUES (7, 'MOVING');
INSERT INTO public.services VALUES (4, 'TECHNICAL_SERVICE');


--
-- TOC entry 2997 (class 0 OID 291077)
-- Dependencies: 198
-- Data for Name: trole; Type: TABLE DATA; Schema: public; Owner: -
--

INSERT INTO public.trole VALUES (0, 'admin', '<?xml version="1.0" encoding="UTF-8"?><security></security>');


--
-- TOC entry 3003 (class 0 OID 291468)
-- Dependencies: 204
-- Data for Name: trole_server_permission; Type: TABLE DATA; Schema: public; Owner: -
--

INSERT INTO public.trole_server_permission VALUES (0, 0, 0);
INSERT INTO public.trole_server_permission VALUES (1, 0, 1);
INSERT INTO public.trole_server_permission VALUES (2, 0, 2);
INSERT INTO public.trole_server_permission VALUES (3, 0, 3);
INSERT INTO public.trole_server_permission VALUES (4, 0, 4);
INSERT INTO public.trole_server_permission VALUES (5, 0, 5);
INSERT INTO public.trole_server_permission VALUES (6, 0, 6);
INSERT INTO public.trole_server_permission VALUES (7, 0, 7);
INSERT INTO public.trole_server_permission VALUES (8, 0, 8);
INSERT INTO public.trole_server_permission VALUES (9, 0, 9);
INSERT INTO public.trole_server_permission VALUES (10, 0, 10);
INSERT INTO public.trole_server_permission VALUES (11, 0, 11);
INSERT INTO public.trole_server_permission VALUES (12, 0, 12);
INSERT INTO public.trole_server_permission VALUES (13, 0, 13);
INSERT INTO public.trole_server_permission VALUES (14, 0, 14);
INSERT INTO public.trole_server_permission VALUES (15, 0, 15);


--
-- TOC entry 3001 (class 0 OID 291458)
-- Dependencies: 202
-- Data for Name: tserver_permission; Type: TABLE DATA; Schema: public; Owner: -
--

INSERT INTO public.tserver_permission VALUES (0, 'com.ontimize.jee.common.services.user.IUserInformationService/getUserInformation');
INSERT INTO public.tserver_permission VALUES (1, 'com.ontimize.jee.common.services.mail.IMailService/sendMail');
INSERT INTO public.tserver_permission VALUES (2, 'com.ontimize.jee.common.services.mail.IMailService/sendMailWithoutAttach');
INSERT INTO public.tserver_permission VALUES (3, 'com.ontimize.jee.common.services.i18n.II18nService/getAvailableBundles');
INSERT INTO public.tserver_permission VALUES (4, 'com.ontimize.jee.common.services.i18n.II18nService/getBundle');
INSERT INTO public.tserver_permission VALUES (5, 'com.ontimize.jee.common.services.i18n.II18nService/getBundles');
INSERT INTO public.tserver_permission VALUES (6, 'com.ontimize.jee.common.services.i18n.II18nService/getAllResourceBundles');
INSERT INTO public.tserver_permission VALUES (7, 'com.ontimize.jee.common.services.i18n.II18nService/getAvailableLocales');
INSERT INTO public.tserver_permission VALUES (8, 'com.ontimize.jee.common.services.i18n.II18nService/updateBundleValues');
INSERT INTO public.tserver_permission VALUES (9, 'com.ontimize.jee.common.services.preferences.IRemoteApplicationPreferencesService/getPreference');
INSERT INTO public.tserver_permission VALUES (10, 'com.ontimize.jee.common.services.preferences.IRemoteApplicationPreferencesService/getDefaultPreference');
INSERT INTO public.tserver_permission VALUES (11, 'com.ontimize.jee.common.services.preferences.IRemoteApplicationPreferencesService/setPreference');
INSERT INTO public.tserver_permission VALUES (12, 'com.ontimize.jee.common.services.preferences.IRemoteApplicationPreferencesService/setDefaultPreference');
INSERT INTO public.tserver_permission VALUES (13, 'com.ontimize.jee.common.services.preferences.IRemoteApplicationPreferencesService/savePreferences');
INSERT INTO public.tserver_permission VALUES (14, 'com.ontimize.jee.common.services.preferences.IRemoteApplicationPreferencesService/loadPreferences');
INSERT INTO public.tserver_permission VALUES (15, 'com.ontimize.jee.common.services.i18n.II18nService/deleteBundleValues');


--
-- TOC entry 2995 (class 0 OID 291068)
-- Dependencies: 196
-- Data for Name: tuser; Type: TABLE DATA; Schema: public; Owner: -
--

INSERT INTO public.tuser VALUES ('kenneth', 'kenneth', 'Kenneth', 'Parra', 'kenneth.parra@email.com', NULL, '2023-11-07 11:59:01.341105', true, 41.6722842, -3.6724649);
INSERT INTO public.tuser VALUES ('domi', 'domi', 'Dominique', 'Haroun', 'dominique.haroun@email.com', NULL, '2023-11-07 11:53:02.277464', true, 41.6722842, -3.6724649);
INSERT INTO public.tuser VALUES ('juan', 'juan', 'Juan', 'Mouriño', 'juan.mouriño@email.com', NULL, '2023-11-07 11:51:48.985334', true, 42.2289, -8.743);
INSERT INTO public.tuser VALUES ('david', 'david', 'David', 'López', 'david.lopez@email.com', NULL, '2023-11-07 11:49:47.651706', true, 43.0109879, -7.5771086);
INSERT INTO public.tuser VALUES ('alvaro', 'alvaro', 'Álvaro', 'Dopozo', 'alvaro.dopozo@email.com', NULL, '2023-11-07 11:54:30.200353', true, 42.90858432172331, -8.517609203138418);
INSERT INTO public.tuser VALUES ('demo2', 'demo2', 'demo2', 'demo2', NULL, NULL, '2023-11-07 12:33:13.48859', true, 42.90858432172331, -8.517609203138418);
INSERT INTO public.tuser VALUES ('diego', 'diego', 'Diego', 'Lorenzo', 'diego.lorenzo@email.com', NULL, '2023-11-07 11:50:42.190174', true, 42.2277567, -8.7371146);
INSERT INTO public.tuser VALUES ('bruce', 'bruce', 'Bruce', 'Wayne', 'bruce.wayne@email.com', NULL, '2023-11-07 12:54:16.928068', true, 42.90858432172331, -8.517609203138418);
INSERT INTO public.tuser VALUES ('demo', 'demo', 'demo', 'demo', NULL, NULL, NULL, NULL, 43.3747354, -8.4293997);
INSERT INTO public.tuser VALUES ('antoniolop', '123', 'Antonio', 'Lopez', 'antoniolopez@gmail.com', NULL, '2023-11-21 12:35:57.468389', true, 43.0109879, -7.5771086);
INSERT INTO public.tuser VALUES ('alvaropoc', '123', 'Alvaro', 'Pocero', 'alvaropo@gmail.com', NULL, '2023-11-21 08:56:13.076551', true, 42.2277567, -8.7371146);
INSERT INTO public.tuser VALUES ('clark', 'clark', 'Clark', 'Kent', 'clark.kent@email.com', NULL, '2023-11-07 12:57:14.074475', true, 42.4349, -8.6427);
INSERT INTO public.tuser VALUES ('antoniofer', '12345', 'Antonio', 'Fernandez', 'antoniofer@gmail.com', NULL, '2023-11-21 09:35:58.113816', true, 42.2289, -8.743);
INSERT INTO public.tuser VALUES ('peter', 'peter', 'Peter', 'Parker', 'peter.parker@email.com', NULL, '2023-11-07 12:52:43.700246', true, 42.4349, -8.6427);
INSERT INTO public.tuser VALUES ('pepelopez', '123', 'Pepe', 'Lopez', 'pepelopez@gmail.com', NULL, '2023-11-21 13:47:02.358902', true, 42.2277567, -8.7371146);
INSERT INTO public.tuser VALUES ('Pepemar', '123', 'Pepe', 'Martinez', 'pepemar@gmail.com', NULL, '2023-11-21 13:18:58.132692', true, 43.0109818, -7.5789081);
INSERT INTO public.tuser VALUES ('joselopez', 'joselopez', 'Jose', 'Lopez', 'joselop@gmail.com', NULL, '2023-11-27 12:47:38.589244', true, 42.2277567, -8.7371146);


--
-- TOC entry 2999 (class 0 OID 291087)
-- Dependencies: 200
-- Data for Name: tuser_role; Type: TABLE DATA; Schema: public; Owner: -
--

INSERT INTO public.tuser_role VALUES (0, 0, 'demo');


--
-- TOC entry 3022 (class 0 OID 0)
-- Dependencies: 213
-- Name: agreements_ag_id_seq; Type: SEQUENCE SET; Schema: public; Owner: -
--

SELECT pg_catalog.setval('public.agreements_ag_id_seq', 164, true);


--
-- TOC entry 3023 (class 0 OID 0)
-- Dependencies: 209
-- Name: conversation_c_id_seq; Type: SEQUENCE SET; Schema: public; Owner: -
--

SELECT pg_catalog.setval('public.conversation_c_id_seq', 208, true);


--
-- TOC entry 3024 (class 0 OID 0)
-- Dependencies: 211
-- Name: messages_m_id_seq; Type: SEQUENCE SET; Schema: public; Owner: -
--

SELECT pg_catalog.setval('public.messages_m_id_seq', 540, true);


--
-- TOC entry 3025 (class 0 OID 0)
-- Dependencies: 207
-- Name: tannounce_id_announce_seq; Type: SEQUENCE SET; Schema: public; Owner: -
--

SELECT pg_catalog.setval('public.tannounce_id_announce_seq', 130, true);


--
-- TOC entry 3026 (class 0 OID 0)
-- Dependencies: 197
-- Name: trole_id_rolename_seq; Type: SEQUENCE SET; Schema: public; Owner: -
--

SELECT pg_catalog.setval('public.trole_id_rolename_seq', 1, false);


--
-- TOC entry 3027 (class 0 OID 0)
-- Dependencies: 203
-- Name: trole_server_permission_id_role_server_permission_seq; Type: SEQUENCE SET; Schema: public; Owner: -
--

SELECT pg_catalog.setval('public.trole_server_permission_id_role_server_permission_seq', 1, false);


--
-- TOC entry 3028 (class 0 OID 0)
-- Dependencies: 201
-- Name: tserver_permission_id_server_permission_seq; Type: SEQUENCE SET; Schema: public; Owner: -
--

SELECT pg_catalog.setval('public.tserver_permission_id_server_permission_seq', 1, false);


--
-- TOC entry 3029 (class 0 OID 0)
-- Dependencies: 205
-- Name: tservices_id_service_seq; Type: SEQUENCE SET; Schema: public; Owner: -
--

SELECT pg_catalog.setval('public.tservices_id_service_seq', 7, true);


--
-- TOC entry 3030 (class 0 OID 0)
-- Dependencies: 199
-- Name: tuser_role_id_user_role_seq; Type: SEQUENCE SET; Schema: public; Owner: -
--

SELECT pg_catalog.setval('public.tuser_role_id_user_role_seq', 1, false);


--
-- TOC entry 2862 (class 2606 OID 294653)
-- Name: agreements agreements_pkey; Type: CONSTRAINT; Schema: public; Owner: -
--

ALTER TABLE ONLY public.agreements
    ADD CONSTRAINT agreements_pkey PRIMARY KEY (ag_id);


--
-- TOC entry 2858 (class 2606 OID 292776)
-- Name: conversations conversation_pk; Type: CONSTRAINT; Schema: public; Owner: -
--

ALTER TABLE ONLY public.conversations
    ADD CONSTRAINT conversation_pk PRIMARY KEY (c_id);


--
-- TOC entry 2860 (class 2606 OID 292827)
-- Name: messages messages_pkey; Type: CONSTRAINT; Schema: public; Owner: -
--

ALTER TABLE ONLY public.messages
    ADD CONSTRAINT messages_pkey PRIMARY KEY (m_id);


--
-- TOC entry 2856 (class 2606 OID 291759)
-- Name: announces tannounce_pkey; Type: CONSTRAINT; Schema: public; Owner: -
--

ALTER TABLE ONLY public.announces
    ADD CONSTRAINT tannounce_pkey PRIMARY KEY (a_id);


--
-- TOC entry 2846 (class 2606 OID 291084)
-- Name: trole trole_pkey; Type: CONSTRAINT; Schema: public; Owner: -
--

ALTER TABLE ONLY public.trole
    ADD CONSTRAINT trole_pkey PRIMARY KEY (id_rolename);


--
-- TOC entry 2852 (class 2606 OID 291472)
-- Name: trole_server_permission trole_server_permission_pkey; Type: CONSTRAINT; Schema: public; Owner: -
--

ALTER TABLE ONLY public.trole_server_permission
    ADD CONSTRAINT trole_server_permission_pkey PRIMARY KEY (id_role_server_permission);


--
-- TOC entry 2850 (class 2606 OID 291465)
-- Name: tserver_permission tserver_permission_pkey; Type: CONSTRAINT; Schema: public; Owner: -
--

ALTER TABLE ONLY public.tserver_permission
    ADD CONSTRAINT tserver_permission_pkey PRIMARY KEY (id_server_permission);


--
-- TOC entry 2854 (class 2606 OID 291708)
-- Name: services tservices_pkey; Type: CONSTRAINT; Schema: public; Owner: -
--

ALTER TABLE ONLY public.services
    ADD CONSTRAINT tservices_pkey PRIMARY KEY (s_id);


--
-- TOC entry 2844 (class 2606 OID 291074)
-- Name: tuser tuser_pkey; Type: CONSTRAINT; Schema: public; Owner: -
--

ALTER TABLE ONLY public.tuser
    ADD CONSTRAINT tuser_pkey PRIMARY KEY (user_);


--
-- TOC entry 2848 (class 2606 OID 291091)
-- Name: tuser_role tuser_role_pkey; Type: CONSTRAINT; Schema: public; Owner: -
--

ALTER TABLE ONLY public.tuser_role
    ADD CONSTRAINT tuser_role_pkey PRIMARY KEY (id_user_role);


--
-- TOC entry 2873 (class 2606 OID 294654)
-- Name: agreements agreements_fk; Type: FK CONSTRAINT; Schema: public; Owner: -
--

ALTER TABLE ONLY public.agreements
    ADD CONSTRAINT agreements_fk FOREIGN KEY (c_id) REFERENCES public.conversations(c_id);


--
-- TOC entry 2869 (class 2606 OID 292777)
-- Name: conversations conversation_fk; Type: FK CONSTRAINT; Schema: public; Owner: -
--

ALTER TABLE ONLY public.conversations
    ADD CONSTRAINT conversation_fk FOREIGN KEY (u_client) REFERENCES public.tuser(user_);


--
-- TOC entry 2870 (class 2606 OID 292782)
-- Name: conversations conversation_fk_1; Type: FK CONSTRAINT; Schema: public; Owner: -
--

ALTER TABLE ONLY public.conversations
    ADD CONSTRAINT conversation_fk_1 FOREIGN KEY (a_id) REFERENCES public.announces(a_id);


--
-- TOC entry 2864 (class 2606 OID 291097)
-- Name: tuser_role fk_trole; Type: FK CONSTRAINT; Schema: public; Owner: -
--

ALTER TABLE ONLY public.tuser_role
    ADD CONSTRAINT fk_trole FOREIGN KEY (id_rolename) REFERENCES public.trole(id_rolename);


--
-- TOC entry 2865 (class 2606 OID 291473)
-- Name: trole_server_permission fk_trole_server_permission; Type: FK CONSTRAINT; Schema: public; Owner: -
--

ALTER TABLE ONLY public.trole_server_permission
    ADD CONSTRAINT fk_trole_server_permission FOREIGN KEY (id_rolename) REFERENCES public.trole(id_rolename);


--
-- TOC entry 2866 (class 2606 OID 291478)
-- Name: trole_server_permission fk_tserver_permission; Type: FK CONSTRAINT; Schema: public; Owner: -
--

ALTER TABLE ONLY public.trole_server_permission
    ADD CONSTRAINT fk_tserver_permission FOREIGN KEY (id_server_permission) REFERENCES public.tserver_permission(id_server_permission);


--
-- TOC entry 2863 (class 2606 OID 291092)
-- Name: tuser_role fk_tuser; Type: FK CONSTRAINT; Schema: public; Owner: -
--

ALTER TABLE ONLY public.tuser_role
    ADD CONSTRAINT fk_tuser FOREIGN KEY (user_) REFERENCES public.tuser(user_);


--
-- TOC entry 2872 (class 2606 OID 292833)
-- Name: messages messages_c_id_fkey; Type: FK CONSTRAINT; Schema: public; Owner: -
--

ALTER TABLE ONLY public.messages
    ADD CONSTRAINT messages_c_id_fkey FOREIGN KEY (c_id) REFERENCES public.conversations(c_id);


--
-- TOC entry 2871 (class 2606 OID 292828)
-- Name: messages messages_u_emmiter_fkey; Type: FK CONSTRAINT; Schema: public; Owner: -
--

ALTER TABLE ONLY public.messages
    ADD CONSTRAINT messages_u_emmiter_fkey FOREIGN KEY (u_emitter) REFERENCES public.tuser(user_);


--
-- TOC entry 2868 (class 2606 OID 291765)
-- Name: announces tannounce_id_service_fkey; Type: FK CONSTRAINT; Schema: public; Owner: -
--

ALTER TABLE ONLY public.announces
    ADD CONSTRAINT tannounce_id_service_fkey FOREIGN KEY (s_id) REFERENCES public.services(s_id);


--
-- TOC entry 2867 (class 2606 OID 291760)
-- Name: announces tannounce_user__fkey; Type: FK CONSTRAINT; Schema: public; Owner: -
--

ALTER TABLE ONLY public.announces
    ADD CONSTRAINT tannounce_user__fkey FOREIGN KEY (user_) REFERENCES public.tuser(user_);


-- Completed on 2023-11-29 15:10:59

--
-- PostgreSQL database dump complete
--

